구 분,노 선,구 간,연장(km),계,버짐,은행,느티,벚,버드,칠엽수,메타,중국단풍,단풍,배롱,자귀,주목,향나무,회화,귀룽,무궁화,노각,느릅,이팝,목백합,계수,감,산수유,사과,매실,살구,모과,반송,대왕참,대추,개목련,둥근소나무,수수꽃다리,튤립나무,공작단풍,소나무,산딸나무
상당구,제2순환로,지북교차로 장암사거리,1.7,2039,,,,,,,434,,,,,,,,,1605,,,,,,,,,,,,,,,,,,,,,
서원구,제2순환로,장암사거리 가마교차로,1.41,362,,,,,,,362,,,,,,,,,,,,,,,,,,,,,,,,,,,,,,
서원구,제2순환로,가마교차로 죽림사거리,3.38,712,,,,,,,712,,,,,,,,,,,,,,,,,,,,,,,,,,,,,,
흥덕구,제2순환로,죽림사거리 시외버스터미널사거리,1.66,418,,190,,,,,192,,36,,,,,,,,,,,,,,,,,,,,,,,,,,,,
상당구,금관로,청주시경계(청천면) 금관교,2,137,,,,83,,,54,,,,,,,,,,,,,,,,,,,,,,,,,,,,,,
상당구,낭성시내길,무성삼거리 호정삼거리(마을안길),0.88,87,,,,,,,87,,,,,,,,,,,,,,,,,,,,,,,,,,,,,,
상당구,산성로,현암삼거리 무성삼거리,1.48,126,,,,,,,126,,,,,,,,,,,,,,,,,,,,,,,,,,,,,,
상당구,산성로,호정삼거리 관정삼거리,2.58,136,,,,,,,136,,,,,,,,,,,,,,,,,,,,,,,,,,,,,,
상당구,호정대신로,호정삼거리 대신삼거리,9.69,146,,,,,,,146,,,,,,,,,,,,,,,,,,,,,,,,,,,,,,
상당구,수영로,청주동중학교사거리 용정축구공원교차로,1.12,191,,,,,,,147,,,,,,,,,,,,,,,,,,,,,,,,,,,,,,44
상당구,산성로,무성삼거리 호정삼거리,4.49,506,,,,,,,506,,,,,,,,,,,,,,,,,,,,,,,,,,,,,,
상당구,명암로,대림아파트사거리 어린이회관삼거리,5.2,746,7,,,560,,,,,,,,,,,,74,105,,,,,,,,,,,,,,,,,,,,
상당구,제1순환로,우암산터널 용성중학교오거리,3.14,600,,,,,,,,,,,,,,,,,,,600,,,,,,,,,,,,,,,,,,
상당구,제1순환로,용성중학교오거리 용암지하차도사거리,0.99,134,,,,,,,,,,,,,,,,,,,134,,,,,,,,,,,,,,,,,,
상당구,제1순환로,용암지하차도사거리 용암농협사거리,1.46,290,224,,,,,,,,,,,,,,,,,,66,,,,,,,,,,,,,,,,,,
상당구,제1순환로,용암농협사거리 방서교,0.88,127,102,,25,,,,,,,,,,,,,,,,,,,,,,,,,,,,,,,,,,
상당구,제1순환로 1253번길,1순환로 용암광장내,0.12,14,,,,,,,,,,,,,,,,,,,14,,,,,,,,,,,,,,,,,,
상당구,제1순환로 1446번길,용암지하차도우회차도시점 종점,0.58,111,,,,,,,,,,,,,,,,,,,111,,,,,,,,,,,,,,,,,,
상당구,제1순환로 1514번길,용성중학교오거리 김수녕양궁장,0.75,139,,,,,,,,,,,,,,,,,,,139,,,,,,,,,,,,,,,,,,
상당구,가산길,비행장입구,1.75,25,6,,,19,,,,,,,,,,,,,,,,,,,,,,,,,,,,,,,,,
상당구,갈산무성길,갈산보건진료소 무성삼거리,2.25,381,,,,,,,,,,,,,,,,,,,381,,,,,,,,,,,,,,,,,,
상당구,고은두산로,인차교 노동교,1.27,171,,,,,,,,,,,,,,,,,,,,,,,,,171,,,,,,,,,,,,
상당구,고은두산로,노동교 고은삼거리,4.7,512,,,,512,,,,,,,,,,,,,,,,,,,,,,,,,,,,,,,,,
상당구,괴산로,청주시경계(청안면) 청주시경계(청천면),2.88,189,189,,,,,,,,,,,,,,,,,,,,,,,,,,,,,,,,,,,,
상당구,교동로,용담명암산성동주민센터사거리 가좌5단지부영아파트사거리,0.12,38,,,,,,,,,,,,,,,,,,,38,,,,,,,,,,,,,,,,,,
상당구,교육원로,은행삼거리 단재로,1.27,202,,202,,,,,,,,,,,,,,,,,,,,,,,,,,,,,,,,,,,
상당구,교육원로,문주교 청주운전면허시험장,0.6,16,,,,16,,,,,,,,,,,,,,,,,,,,,,,,,,,,,,,,,
상당구,귀래길,단재로 신채호사당,2.51,331,,,,,,,,,,,,,,,,,,,331,,,,,,,,,,,,,,,,,,
상당구,금거내암로,금거교 내암버스정류장,3.51,168,,,,28,,,,,80,,,,,,,,,,,,,,,,,,,,,,,,,,60,,
상당구,남계길,남계2삼거리 항공기술훈련원입구,1.23,134,,134,,,,,,,,,,,,,,,,,,,,,,,,,,,,,,,,,,,
상당구,남부로,청주시경계(내북면) 미원교차로,6.06,549,,549,,,,,,,,,,,,,,,,,,,,,,,,,,,,,,,,,,,
상당구,남사로,병무청사거리 남사교,0.15,6,,6,,,,,,,,,,,,,,,,,,,,,,,,,,,,,,,,,,,
상당구,남사로,남사교 구남궁병원사거리,0.83,77,,77,,,,,,,,,,,,,,,,,,,,,,,,,,,,,,,,,,,
상당구,노현마구로,노현교 상노교,4.5,90,,,,24,,,,,,66,,,,,,,,,,,,,,,,,,,,,,,,,,,
상당구,노현시남길,회남문의로 노현길,1.16,124,,,,16,,,,,,108,,,,,,,,,,,,,,,,,,,,,,,,,,,
상당구,노현청용로,노현마구로(노현교) 상장인차로,2.12,179,,,4,,,,,,,166,9,,,,,,,,,,,,,,,,,,,,,,,,,,
상당구,단재로,석교육거리 금석교사거리,0.4,42,42,,,,,,,,,,,,,,,,,,,,,,,,,,,,,,,,,,,,
상당구,단재로,금석교사거리 영운사거리,1.09,148,50,98,,,,,,,,,,,,,,,,,,,,,,,,,,,,,,,,,,,
상당구,단재로,영운사거리 용암사거리,0.54,45,24,,21,,,,,,,,,,,,,,,,,,,,,,,,,,,,,,,,,,
상당구,단재로,용암사거리 방서사거리,0.69,108,108,,,,,,,,,,,,,,,,,,,,,,,,,,,,,,,,,,,,
상당구,단재로,방서사거리 지북교차로,1.03,62,62,,,,,,,,,,,,,,,,,,,,,,,,,,,,,,,,,,,,
상당구,단재로,지북교차로 효촌분기점,1.6,69,69,,,,,,,,,,,,,,,,,,,,,,,,,,,,,,,,,,,,
상당구,단재로,효촌분기점 고은사거리,2.32,112,112,,,,,,,,,,,,,,,,,,,,,,,,,,,,,,,,,,,,
상당구,단재로,고은사거리 두산삼거리,2.97,7,,,7,,,,,,,,,,,,,,,,,,,,,,,,,,,,,,,,,,
상당구,단재로,두산삼거리 은행사거리,1.51,215,,,,,,,,,,,,,,,,,,,215,,,,,,,,,,,,,,,,,,
상당구,단재로,은행사거리 문주삼거리,1.31,153,,,,,,,,,,,,,,,,,,,153,,,,,,,,,,,,,,,,,,
상당구,단재로,문주삼거리 낭추골현장학습체험삼거리,5.52,645,69,,22,,,,,,,,,,,,,,,,554,,,,,,,,,,,,,,,,,,
상당구,단재로,낭추골현장학습체험삼거리 관정삼거리,3.1,340,,,,,,,,,,,,,,,,,,,340,,,,,,,,,,,,,,,,,,
상당구,단재로,관정삼거리 미원교차로,2,93,,,,,,,,,,,,,,,,,,,93,,,,,,,,,,,,,,,,,,
상당구,단재로,미원교차로 미원삼거리,0.45,39,39,,,,,,,,,,,,,,,,,,,,,,,,,,,,,,,,,,,,
상당구,단재로,미원삼거리 구방삼거리,6.77,533,533,,,,,,,,,,,,,,,,,,,,,,,,,,,,,,,,,,,,
상당구,대성로,대성로70번길 용담로,,6,,6,,,,,,,,,,,,,,,,,,,,,,,,,,,,,,,,,,,
상당구,대성로,교동로 우암산로,,14,,,,,,,,,,,,,,,,,,,14,,,,,,,,,,,,,,,,,,
상당구,대성로 122번길,대성로 충북문화관,,15,15,,,,,,,,,,,,,,,,,,,,,,,,,,,,,,,,,,,,
상당구,대청호반 누리길,용호제(보조댐) 달계노산로,1.14,48,48,,,,,,,,,,,,,,,,,,,,,,,,,,,,,,,,,,,,
상당구,대청호반로,도당산사거리 문의사거리,1.32,127,,,,104,,23,,,,,,,,,,,,,,,,,,,,,,,,,,,,,,,
상당구,대청호반로,도당산사거리 문의대교,2.47,261,,,,261,,,,,,,,,,,,,,,,,,,,,,,,,,,,,,,,,
상당구,대청호반로,문의대교 현암정,3.62,150,,,,150,,,,,,,,,,,,,,,,,,,,,,,,,,,,,,,,,
상당구,모충로,모충고개삼거리 개신오거리,0.7,65,,65,,,,,,,,,,,,,,,,,,,,,,,,,,,,,,,,,,,
상당구,목련로,수레너미교차로 지북교차로,8.68,394,,,,,,,,,,,,,,123,,,,,23,,,,,,,,,248,,,,,,,,,
상당구,목련로62번길,목련로 62번길(상수도사업본부 구간),0.4,68,,,,68,,,,,,,,,,,,,,,,,,,,,,,,,,,,,,,,,
상당구,무농정로,원봉공원 대머리공원사거리,1.27,185,,,,,,,,,,,,,,,,,,,185,,,,,,,,,,,,,,,,,,
상당구,무심동로,흥덕대교 금석교사거리,3.02,319,,2,,317,,,,,,,,,,,,,,,,,,,,,,,,,,,,,,,,,
상당구,무심동로,남석교 방서교,2.17,167,,,,167,,,,,,,,,,,,,,,,,,,,,,,,,,,,,,,,,
상당구,무심제방길,고은교 신송교,2.38,844,,,,,,,,,,,,,,,,,,,844,,,,,,,,,,,,,,,,,,
상당구,문의시내로,문의사거리 도당산사거리,1.45,194,,,,194,,,,,,,,,,,,,,,,,,,,,,,,,,,,,,,,,
상당구,미원초정로,미원1리마을회관 기암삼거리,2.59,101,,,,101,,,,,,,,,,,,,,,,,,,,,,,,,,,,,,,,,
상당구,미원초정로,기암삼거리 용곡삼거리,2.24,130,,,,130,,,,,,,,,,,,,,,,,,,,,,,,,,,,,,,,,
상당구,미원초정로,용곡삼거리 종암삼거리,1.94,104,,,,104,,,,,,,,,,,,,,,,,,,,,,,,,,,,,,,,,
상당구,미원초정로,종암삼거리 대신삼거리,2.25,83,,,,83,,,,,,,,,,,,,,,,,,,,,,,,,,,,,,,,,
상당구,미원초정로,대신삼거리 이티성영토,0.89,83,,,,83,,,,,,,,,,,,,,,,,,,,,,,,,,,,,,,,,
상당구,사북로,방아다리사거리 제1운천교,0.64,89,7,82,,,,,,,,,,,,,,,,,,,,,,,,,,,,,,,,,,,
상당구,사직대로,상당사거리 청주대교사거리,0.58,24,,24,,,,,,,,,,,,,,,,,,,,,,,,,,,,,,,,,,,
상당구,사직대로 361번길,한국산업연구원 석정,0.06,16,,,,,,,,,,,,,,,,,,,16,,,,,,,,,,,,,,,,,,
상당구,사직대로 361번길,사직대로 상당로121번길,0.17,29,,,,,,,,,,,,,,,,,,,29,,,,,,,,,,,,,,,,,,
상당구,산성로,금천육거리 금천현대아파트사거리,0.74,66,,,,66,,,,,,,,,,,,,,,,,,,,,,,,,,,,,,,,,
상당구,산성로,금천현대아파트사거리 대림아파트사거리,0.85,201,,,,,,,,,,,,,,,,,,,201,,,,,,,,,,,,,,,,,,
상당구,산성로,대림아파트사거리 산성삼거리,0.75,52,,,,,,,,,,,,,,,,,,,52,,,,,,,,,,,,,,,,,,
상당구,산성로,산성삼거리 산성교차로,3.62,92,,,,92,,,,,,,,,,,,,,,,,,,,,,,,,,,,,,,,,
상당구,산성로,산성교차로 현암교차로,1.15,0,,,,,,,,,,,,,,,,,,,,,,,,,,,,,,,,,,,,,
상당구,산성로,현암교차로 현암삼거리,0.9,0,,,,,,,,,,,,,,,,,,,,,,,,,,,,,,,,,,,,,
상당구,산성로55번길,산성로 탑동로,0.21,35,,,,35,,,,,,,,,,,,,,,,,,,,,,,,,,,,,,,,,
상당구,산성로92번길,산성로116번길 산성로116번길,0.65,109,,109,,,,,,,,,,,,,,,,,,,,,,,,,,,,,,,,,,,
상당구,산성로98번길,산성로 수영로,0.26,39,,39,,,,,,,,,,,,,,,,,,,,,,,,,,,,,,,,,,,
상당구,산성로104번길,산성로92번길 산성로92번길,0.16,30,,30,,,,,,,,,,,,,,,,,,,,,,,,,,,,,,,,,,,
상당구,산성로112번길,산성로92번길 산성로92번길,0.17,28,,28,,,,,,,,,,,,,,,,,,,,,,,,,,,,,,,,,,,
상당구,산성로116번길,산성로 수영로,0.27,48,,48,,,,,,,,,,,,,,,,,,,,,,,,,,,,,,,,,,,
상당구,산외금관로,금관교 금관교,2.22,10,,,,10,,,,,,,,,,,,,,,,,,,,,,,,,,,,,,,,,
상당구,상당로,석교육거리 구낭궁병원사거리,0.43,45,45,,,,,,,,,,,,,,,,,,,,,,,,,,,,,,,,,,,,
상당구,상당로,구남궁병원사거리 충북도청사거리,0.26,28,28,,,,,,,,,,,,,,,,,,,,,,,,,,,,,,,,,,,,
상당구,상당로,충북도청사거리 상당사거리,0.3,25,25,,,,,,,,,,,,,,,,,,,,,,,,,,,,,,,,,,,,
상당구,상당로,상당사거리 옛청주역사공원사거리,0.44,56,56,,,,,,,,,,,,,,,,,,,,,,,,,,,,,,,,,,,,
상당구,상당로,옛청주역사공원사거리 방아다리사거리,0.42,49,49,,,,,,,,,,,,,,,,,,,,,,,,,,,,,,,,,,,,
상당구,상당로,방아다리사거리 우암오거리,0.18,22,22,,,,,,,,,,,,,,,,,,,,,,,,,,,,,,,,,,,,
상당구,상당로69번길,상당로 사직대로350번길,0.37,49,8,41,,,,,,,,,,,,,,,,,,,,,,,,,,,,,,,,,,,
상당구,상당로70번길,충북도청사거리 대성로,,26,,,,,,26,,,,,,,,,,,,,,,,,,,,,,,,,,,,,,,
상당구,상당로115번길,교서로 상당로,0.31,84,,,,,,,,,,,,,,,,,,,84,,,,,,,,,,,,,,,,,,
상당구,상당로121번길,교서로 청소년광장사거리,0.21,22,,,,,,,,,,,,,,,,,,,22,,,,,,,,,,,,,,,,,,
상당구,상당로143번길,신한은행북문로지점사거리 상당로,0.11,21,,,,7,,,,,,,,,,,,,,,,,,,,,,,,14,,,,,,,,,
상당구,상당로 186번길,대성로 방아다리사거리,0.2,23,,,,23,,,,,,,,,,,,,,,,,,,,,,,,,,,,,,,,,
상당구,상장인차로,보청대로 공원묘지삼거리,0.61,17,,,,,,,,,,,,,,,,,,,,,,,,,,17,,,,,,,,,,,
상당구,상장인차로,매화공원삼거리 가덕생활체육공원주차장,0.36,41,,,,41,,,,,,,,,,,,,,,,,,,,,,,,,,,,,,,,,
상당구,상장인차로,공원묘지삼거리 행정초등학교삼거리,2.41,99,,,,84,,,,,,,,,,,,,,,,,,,,,,15,,,,,,,,,,,
상당구,상장인차로,행정초등학교삼거리 상장삼거리,2.71,214,,,,159,,,,,,,,,55,,,,,,,,,,,,,,,,,,,,,,,,
상당구,성내로,산성입구 성내방죽,1.68,154,,,,154,,,,,,,,,,,,,,,,,,,,,,,,,,,,,,,,,
상당구,쇠내로,금석교사거리 수영로,1.62,125,,,,125,,,,,,,,,,,,,,,,,,,,,,,,,,,,,,,,,
상당구,수영로,수영교 청주동중학교사거리,2.05,293,,235,58,,,,,,,,,,,,,,,,,,,,,,,,,,,,,,,,,,
상당구,신송효촌길,신송교 단재로,1.42,63,,,2,61,,,,,,,,,,,,,,,,,,,,,,,,,,,,,,,,,
상당구,영운로,청남오거리 효성병원사거리,0.3,49,49,,,,,,,,,,,,,,,,,,,,,,,,,,,,,,,,,,,,
상당구,영운천로203번길,용정로12번길 영운천로,0.3,30,,,,,,,,,,,,,,,,,,,30,,,,,,,,,,,,,,,,,,
상당구,용곡구방로,용곡삼거리 괴산로,8.29,826,,,,,,,,,,,,,,,,,,,826,,,,,,,,,,,,,,,,,,
상당구,용담로,청우파스텔시티삼거리 용담명암산성동주민센터삼거리,0.29,31,31,,,,,,,,,,,,,,,,,,,,,,,,,,,,,,,,,,,,
상당구,용담로,용담명암산성동주민센터삼거리 탑대성동주민센터삼거리,0.72,107,107,,,,,,,,,,,,,,,,,,,,,,,,,,,,,,,,,,,,
상당구,용담로,탑대성동주민센터삼거리 구법원사거리,0.34,48,,48,,,,,,,,,,,,,,,,,,,,,,,,,,,,,,,,,,,
상당구,용담로,구법원사거리 구남궁병원사거리,0.16,16,,6,,,,,,,,,,,,,,,,,,,,,,,,,,,,,,,,10,,,
상당구,용암북로,쌍용자동차서비스센터 운암1교사거리,1.19,273,,262,,,,,,,,,,,,,,,,,11,,,,,,,,,,,,,,,,,,
상당구,용암북로,운암1교사거리 단재로,0.61,107,,,,,,,,107,,,,,,,,,,,,,,,,,,,,,,,,,,,,,
상당구,용암북로120번길,용암북로 중흥로,0.49,66,,66,,,,,,,,,,,,,,,,,,,,,,,,,,,,,,,,,,,
상당구,용암북로138번길,용암북로 중흥로,0.71,87,,87,,,,,,,,,,,,,,,,,,,,,,,,,,,,,,,,,,,
상당구,용암북로160번길,용암북로 롯데마트상당점,0.56,94,,94,,,,,,,,,,,,,,,,,,,,,,,,,,,,,,,,,,,
상당구,용정로,국제테니스장사거리 한라비발디2단지아파트정문,0.53,81,,,,,,,,,,,,,,,,,,,81,,,,,,,,,,,,,,,,,,
상당구,용정로12번길,용정로 1순환로,0.48,50,,,,,,,,,,,,,,,,,,,50,,,,,,,,,,,,,,,,,,
상당구,우암산로,어린이회관삼거리 우암산터널,0.48,41,,,,41,,,,,,,,,,,,,,,,,,,,,,,,,,,,,,,,,
상당구,우암산로,관음사삼거리앞40km표지판 중앙시장사거리,1.47,64,,,,42,,,,,,,,,,,,,,,22,,,,,,,,,,,,,,,,,,
상당구,운교체험마을,용곡구방로 문교길종점,2.78,484,,,,,,,,,,,,484,,,,,,,,,,,,,,,,,,,,,,,,,
상당구,운암계원로,청주시경계(산외면) 어암1리정류장,4.96,1208,,,,,,,,,,,,,,,,,,,,,,,,1208,,,,,,,,,,,,,
상당구,운암계원로,어암1리정류장 금관숲삼거리,0.92,197,,197,,,,,,,,,,,,,,,,,,,,,,,,,,,,,,,,,,,
상당구,운암계원로,금관숲삼거리 운암교차로,6.16,636,,396,229,11,,,,,,,,,,,,,,,,,,,,,,,,,,,,,,,,,
상당구,원봉로,운암1교사거리 원봉공원사거리,0.98,145,145,,,,,,,,,,,,,,,,,,,,,,,,,,,,,,,,,,,,
상당구,월평로,부영1차아파트 용평교,1.44,191,,,191,,,,,,,,,,,,,,,,,,,,,,,,,,,,,,,,,,
상당구,월평로184번길,중흥로 월평로,1.04,110,,,,,,,,,,,,,,,,,,,110,,,,,,,,,,,,,,,,,,
상당구,은행상야로,상야교 은행교,4.74,525,13,,,34,,,,,,,,,,,,,,,478,,,,,,,,,,,,,,,,,,
상당구,인경수산로,인경삼거리 기암삼거리,4.78,359,,,,,,,,359,,,,,,,,,,,,,,,,,,,,,,,,,,,,,
상당구,죽암도원로,두모삼거리 죽암도원로,1.16,168,,,,168,,,,,,,,,,,,,,,,,,,,,,,,,,,,,,,,,
상당구,중고개로,용암지하차도사거리 금천현대아파트사거리,1.76,286,,,,,,,,,,,,,,,,,,,286,,,,,,,,,,,,,,,,,,
상당구,중리천제방길,모산교 미원교,0.95,221,,,95,126,,,,,,,,,,,,,,,,,,,,,,,,,,,,,,,,,
상당구,중앙로,북문로신한휴플러스아파트사거리 신한은행북문로지점사거리,0.43,41,31,2,,,,,,,,,,,,,,,,,8,,,,,,,,,,,,,,,,,,
상당구,중앙로,사직대로361번길 상당로,0.12,33,,,,,,,,,,,,,,,,,,,33,,,,,,,,,,,,,,,,,,
상당구,중흥로,대머리공원사거리 롯데마트사거리,2.09,318,,134,184,,,,,,,,,,,,,,,,,,,,,,,,,,,,,,,,,,
상당구,척산화당로,화당삼거리 동화사삼거리,1.85,145,76,,,,,,,,,,,,,,,,,,,,,,69,,,,,,,,,,,,,,
상당구,청남대길,괴곡삼거리 청남대정문,,407,,407,,,,,,,,,,,,,,,,,,,,,,,,,,,,,,,,,,,
상당구,청남로,석교육거리 청남교,0.38,28,28,,,,,,,,,,,,,,,,,,,,,,,,,,,,,,,,,,,,
상당구,행정노동길,행정초등학교삼거리 고은두산로,2.03,250,,,,250,,,,,,,,,,,,,,,,,,,,,,,,,,,,,,,,,
상당구,호미로,대림아파트사거리 1순환로,2.06,330,,,,,,,,,,,,,,,,,,,330,,,,,,,,,,,,,,,,,,
상당구,화당3길,화당삼거리구길 고은교,0.54,31,31,,,,,,,,,,,,,,,,,,,,,,,,,,,,,,,,,,,,
상당구,회남문의로,문의사거리 노현교,3.24,387,,387,,,,,,,,,,,,,,,,,,,,,,,,,,,,,,,,,,,
상당구,회남문의로,노현교 괴곡삼거리,1.35,151,,131,20,,,,,,,,,,,,,,,,,,,,,,,,,,,,,,,,,,
상당구,회남문의로,괴곡삼거리 청주시경계(회남면),10.49,1164,,19,,1055,,,,,,,,,,,,,,,,,,90,,,,,,,,,,,,,,,
서원구,용평로,분평주공사거리 용평로94번길 [원평초등학교],0.26,42,,,,,,,42,,,,,,,,,,,,,,,,,,,,,,,,,,,,,,
서원구,무심서로,흥덕대교 방서교,5.1,1050,,,,983,,,67,,,,,,,,,,,,,,,,,,,,,,,,,,,,,,
서원구,구룡산로,산남사거리 개신성화사거리,2.3,312,,,161,,,,116,,,,,,,,,,,,35,,,,,,,,,,,,,,,,,,
서원구,제1순환로,방서교 분평사거리,1.47,328,,,328,,,,,,,,,,,,,,,,,,,,,,,,,,,,,,,,,,
서원구,제1순환로,분평사거리 산남사거리,1.35,213,,,213,,,,,,,,,,,,,,,,,,,,,,,,,,,,,,,,,,
서원구,제1순환로,산남사거리 사창사거리,2.43,243,3,,240,,,,,,,,,,,,,,,,,,,,,,,,,,,,,,,,,,
서원구,제1순환로,사창사거리 사도교회횡단보도,0.32,39,,39,,,,,,,,,,,,,,,,,,,,,,,,,,,,,,,,,,,
서원구,제1순환로 1063번길,KT분평빌딩삼거리 분평뜨란채1단지아파트삼거리,1.41,286,,,139,,,,,,,,,,,147,,,,,,,,,,,,,,,,,,,,,,,
서원구,제1순환로 1063번길,무심서로 분평뜨란채1단지아파트삼거리,0.75,159,,,159,,,,,,,,,,,,,,,,,,,,,,,,,,,,,,,,,,
서원구,제1순환로 1107번길,분평주공사거리 분평뜨란채1단지아파트삼거리,0.75,245,,,140,,,,,,,,,,,,,,,,,,,,,,,,,105,,,,,,,,,
서원구,제1순환로 1137번길,원마루공원삼거리 분평초등학교삼거리,0.84,157,,,,,,,,,,,,,,157,,,,,,,,,,,,,,,,,,,,,,,
서원구,2순환로1261번길,2순환로 풍년로,0.19,37,,,,,,,,,,,,,,,,,,37,,,,,,,,,,,,,,,,,,,
서원구,2순환로1329번길,2순환로 장구봉로,0.76,157,,,,,,,,,,,,,,,,,,157,,,,,,,,,,,,,,,,,,,
서원구,경신로,성봉로 개신1교,0.54,99,,,,,,,,,,,,,,,,,,,99,,,,,,,,,,,,,,,,,,
서원구,구룡산로,청렴연수원사거리 산남사거리,1.15,186,,143,43,,,,,,,,,,,,,,,,,,,,,,,,,,,,,,,,,,
서원구,구룡산로 52번길,성봉로 구룡산로,0.44,78,,78,,,,,,,,,,,,,,,,,,,,,,,,,,,,,,,,,,,
서원구,구룡산로 부속도로 1,수곡1동주민센터 앞길,0.16,32,,32,,,,,,,,,,,,,,,,,,,,,,,,,,,,,,,,,,,
서원구,구룡산로부속도로-2,주공4단지 한솔초등학교 사잇길,0.24,58,,,,,,,,,,,,,,,,,,,58,,,,,,,,,,,,,,,,,,
서원구,궁뜰로34번길,장성2교-장성교,0.42,24,,7,,17,,,,,,,,,,,,,,,,,,,,,,,,,,,,,,,,,
서원구,궁뜰로37번길,궁뜰로67번길-장성교,0.42,26,,,,22,,,,,,,,,,,,,,,,,,,,,,4,,,,,,,,,,,
서원구,궁뜰로38번길,장성교-장성2교,0.66,31,,2,,29,,,,,,,,,,,,,,,,,,,,,,,,,,,,,,,,,
서원구,노산하석로,대청교-하석삼거리,2.46,170,,,,123,,,,,,,,,,,,,,,47,,,,,,,,,,,,,,,,,,
서원구,노산하석로,하석삼거리-용호제(보조댐),0.33,105,,,,105,,,,,,,,,,,,,,,,,,,,,,,,,,,,,,,,,
서원구,달계노산로,매봉삼거리-청남로,5,22,,,,22,,,,,,,,,,,,,,,,,,,,,,,,,,,,,,,,,
서원구,달계하석로,하석삼거리-매봉삼거리,5,501,,,,501,,,,,,,,,,,,,,,,,,,,,,,,,,,,,,,,,
서원구,대림로,월천1교사거리-2순환로,0.7,119,,,,,,,,,,,,,,,,,,,119,,,,,,,,,,,,,,,,,,
서원구,대원로,무심서로-호국로,0.58,79,79,,,,,,,,,,,,,,,,,,,,,,,,,,,,,,,,,,,,
서원구,덕유남계로,동화사삼거리-두모삼거리,4.17,486,,,,486,,,,,,,,,,,,,,,,,,,,,,,,,,,,,,,,,
서원구,덕유남계로,두모삼거리-품곡교차로,2.73,289,,,,289,,,,,,,,,,,,,,,,,,,,,,,,,,,,,,,,,
서원구,덕유남계로,품곡교차로-문의대교삼거리,2.06,201,,,,201,,,,,,,,,,,,,,,,,,,,,,,,,,,,,,,,,
서원구,두꺼비로,청주지방검찰청사거리-산남고등학교삼거리,1.19,95,,95,,,,,,,,,,,,,,,,,,,,,,,,,,,,,,,,,,,
서원구,매봉로,1순환로-산남주공1단지아파트옆길,1.31,90,,,17,,,,,,,,,,,,,,,,73,,,,,,,,,,,,,,,,,,
서원구,무심서로,방서교-장평교,1.07,199,,,,,,,,,,,,,,,,,,,,,,,,,,,,,199,,,,,,,,
서원구,보청대로,두산삼거리-청주시경계(회인면),6,209,,209,,,,,,,,,,,,,,,,,,,,,,,,,,,,,,,,,,,
서원구,복대로,개신성화사거리-가경사거리,0.76,146,,62,,,,,,,,,,,,,,,,84,,,,,,,,,,,,,,,,,,,
서원구,분평로,1순환로1063번길-무심서로,1.51,296,,207,,,,,,,,,,,,89,,,,,,,,,,,,,,,,,,,,,,,
서원구,분평로6번길,분평로-1순환로1063번길,0.23,44,,,,,,,,,,,,,,44,,,,,,,,,,,,,,,,,,,,,,,
서원구,사북로,제1운천교-흥덕로(예술의전당입구),1.01,94,28,66,,,,,,,,,,,,,,,,,,,,,,,,,,,,,,,,,,,
서원구,사운로,흥덕사거리-사직사거리,1.04,146,134,12,,,,,,,,,,,,,,,,,,,,,,,,,,,,,,,,,,,
서원구,사운로,사직사거리-모충대교오거리,0.78,79,,51,,,,,,,,,,,,28,,,,,,,,,,,,,,,,,,,,,,,
서원구,사운로 부속도로,사운로396번길 [사운로-무심서로],0.3,33,,33,,,,,,,,,,,,,,,,,,,,,,,,,,,,,,,,,,,
서원구,사운로 부속도로,사운로359번길 [사운로-1순환로436번길],0.18,35,,35,,,,,,,,,,,,,,,,,,,,,,,,,,,,,,,,,,,
서원구,사운로 부속도로,사운로262번길 [사운로-무심서로],0.26,53,,53,,,,,,,,,,,,,,,,,,,,,,,,,,,,,,,,,,,
서원구,사직대로,청주대교사거리-사직사거리,0.4,35,35,,,,,,,,,,,,,,,,,,,,,,,,,,,,,,,,,,,,
서원구,사직대로,사직사거리-시계탑오거리,0.94,140,140,,,,,,,,,,,,,,,,,,,,,,,,,,,,,,,,,,,,
서원구,사직대로,시계탑오거리-사창사거리,0.78,134,111,23,,,,,,,,,,,,,,,,,,,,,,,,,,,,,,,,,,,
서원구,사직대로,사창사거리-청주고정문,0.34,58,41,17,,,,,,,,,,,,,,,,,,,,,,,,,,,,,,,,,,,
서원구,산남로,산남초등학교-산남2사거리,1.16,231,,,,,,,,,,,,,,,,,,,231,,,,,,,,,,,,,,,,,,
서원구,산미로,2순환로-1순환로,1.65,271,,271,,,,,,,,,,,,,,,,,,,,,,,,,,,,,,,,,,,
서원구,서부로,개신오거리-청주가경노인복지관표지판,2.81,368,,10,311,,,,,,,,,,,,,,,,,,,,,,,,,47,,,,,,,,,
서원구,성봉로,월천2교-충대정문오거리,3.47,629,147,144,327,,,,,,,,,,,,,,,,11,,,,,,,,,,,,,,,,,,
서원구,성봉로169번길,신율로-성봉로,0.26,52,,,,,,,,,,,,,,,,,,,52,,,,,,,,,,,,,,,,,,
서원구,성봉로220번길,성봉로-서부로,0.9,77,,,77,,,,,,,,,,,,,,,,,,,,,,,,,,,,,,,,,,
서원구,성화로,성봉로-2순환로,0.87,20,,20,,,,,,,,,,,,,,,,,,,,,,,,,,,,,,,,,,,
서원구,수곡로,산남2사거리-CJB청주방송미디어센터삼거리,1.26,206,,,206,,,,,,,,,,,,,,,,,,,,,,,,,,,,,,,,,,
서원구,수곡로68번길,수곡로-수곡로,0.53,39,,,30,,,,,,,,,,,,,,,,9,,,,,,,,,,,,,,,,,,
서원구,수영로,남중삼거리-수영교,0.77,107,,107,,,,,,,,,,,,,,,,,,,,,,,,,,,,,,,,,,,
서원구,시목외천로,외천교차로-시목삼거리,4.9,526,,,,,,,,,,295,,,,,,,,,231,,,,,,,,,,,,,,,,,,
서원구,신성화로,서부로-구룡산로,0.59,90,,,,,,,,,,,,,,,,,,,90,,,,,,,,,,,,,,,,,,
서원구,신율로,청주아파트102동103동정문앞-서부로,0.69,146,,,146,,,,,,,,,,,,,,,,,,,,,,,,,,,,,,,,,,
서원구,신화로,서부로-장전공원사거리,0.23,42,,,,,,,,,,,,,,,,,,,42,,,,,,,,,,,,,,,,,,
서원구,양지시목로,중척리(입구)-양지교,4.13,594,,,,,,,,,,,,,,,,,,,594,,,,,,,,,,,,,,,,,,
서원구,양지시목로,양지교-양지입구삼거리(청남로),1.14,39,,,,39,,,,,,,,,,,,,,,,,,,,,,,,,,,,,,,,,
서원구,연청로,청남로-외천교차로,1.78,34,,,,,,,,,,,,,,,,,,,34,,,,,,,,,,,,,,,,,,
서원구,예체로,모충고개삼거리-시계탑오거리,1.04,199,,199,,,,,,,,,,,,,,,,,,,,,,,,,,,,,,,,,,,
서원구,예체로,시계탑오거리-예술의전당삼거리,0.82,150,74,76,,,,,,,,,,,,,,,,,,,,,,,,,,,,,,,,,,,
서원구,예체로67번길,예체로-창신로12번길,0.47,10,,10,,,,,,,,,,,,,,,,,,,,,,,,,,,,,,,,,,,
서원구,원마루로,월평로-분평로,0.37,71,,,,,,,,,,,,,,,,,,,71,,,,,,,,,,,,,,,,,,
서원구,원흥로,산미로삼거리-청주지방법원삼거리,1.05,183,,,,,,,,,,,,,,,,,,,183,,,,,,,,,,,,,,,,,,
서원구,월평로,용평교-분평농협사거리,1.05,196,,,196,,,,,,,,,,,,,,,,,,,,,,,,,,,,,,,,,,
서원구,죽암도원로,죽암도원로-죽암삼거리,2.19,78,,,,78,,,,,,,,,,,,,,,,,,,,,,,,,,,,,,,,,
서원구,창직로,푸르지오캐슬115동앞-창직로55번길,0.2,29,,29,,,,,,,,,,,,,,,,,,,,,,,,,,,,,,,,,,,
서원구,척산화당로,동화사삼거리-척산삼거리,4.28,398,321,,,,,,,,,,,,,,,,,,77,,,,,,,,,,,,,,,,,,
서원구,청남로,청남교-청렴연수원사거리,0.83,118,118,,,,,,,,,,,,,,,,,,,,,,,,,,,,,,,,,,,,
서원구,청남로,청렴연수원사거리-남중삼거리,0.38,53,53,,,,,,,,,,,,,,,,,,,,,,,,,,,,,,,,,,,,
서원구,청남로,남중삼거리-분평농협사거리,0.41,53,53,,,,,,,,,,,,,,,,,,,,,,,,,,,,,,,,,,,,
서원구,청남로,분평농협사거리-분평사거리,0.54,80,80,,,,,,,,,,,,,,,,,,,,,,,,,,,,,,,,,,,,
서원구,청남로,분평사거리-미평사거리,0.64,88,88,,,,,,,,,,,,,,,,,,,,,,,,,,,,,,,,,,,,
서원구,청남로,미평사거리-가마교차로,0.91,119,,,,,,,,,,,,,,,,,,,119,,,,,,,,,,,,,,,,,,
서원구,청남로,가마교차로-양촌IC육교,0.92,0,,,,,,,,,,,,,,,,,,,,,,,,,,,,,,,,,,,,,
서원구,청남로,양촌IC육교-가좌삼거리,1.09,0,,,,,,,,,,,,,,,,,,,,,,,,,,,,,,,,,,,,,
서원구,청남로,가좌삼거리-대련삼거리,0.85,0,,,,,,,,,,,,,,,,,,,,,,,,,,,,,,,,,,,,,
서원구,청남로,대련삼거리-척산삼거리,1.69,0,,,,,,,,,,,,,,,,,,,,,,,,,,,,,,,,,,,,,
서원구,청남로,척산삼거리-남외천삼거리,1.64,0,,,,,,,,,,,,,,,,,,,,,,,,,,,,,,,,,,,,,
서원구,청남로,남외천삼거리-외천삼거리,2.77,0,,,,,,,,,,,,,,,,,,,,,,,,,,,,,,,,,,,,,
서원구,청남로,외천삼거리-선동삼거리,5.46,203,,180,8,15,,,,,,,,,,,,,,,,,,,,,,,,,,,,,,,,,
서원구,청남로,선동삼거리-현도교,3.4,81,,81,,,,,,,,,,,,,,,,,,,,,,,,,,,,,,,,,,,
서원구,청남로 1887번길,미평사거리-민원인주차장입구,0.21,43,,,,,,,,,,,,,,,,,,,43,,,,,,,,,,,,,,,,,,
서원구,청원현도일반산업단지 내 도로,하이트진로청주공장 좌측길,0.62,65,,15,,,,,,,,,,,,,,,,50,,,,,,,,,,,,,,,,,,,
서원구,청원현도일반산업단지 내 도로,하이트진로 OB맥주 사잇길,0.28,56,,56,,,,,,,,,,,,,,,,,,,,,,,,,,,,,,,,,,,
서원구,청원현도일반산업단지 내 도로,OB맥주 좌측길,0.78,103,,,,,,,,,,,,,,,,,,103,,,,,,,,,,,,,,,,,,,
서원구,청원현도일반산업단지 내 도로,진로기숙사 위쪽 'ㄷ'길,0.65,145,,,,,,,,,,,,,,,,,,145,,,,,,,,,,,,,,,,,,,
서원구,풍년로,홈플러스 청주점 사잇길,0.26,36,,,,,,36,,,,,,,,,,,,,,,,,,,,,,,,,,,,,,,
서원구,풍년로,서부로-풍년로194번길,1.92,295,,,31,,,,,,,,,,,,,,,156,108,,,,,,,,,,,,,,,,,,
서원구,현도공단로,청남로-죽전2길,2.18,461,,461,,,,,,,,,,,,,,,,,,,,,,,,,,,,,,,,,,,
서원구,흥덕로,고인쇄박물관사거리-사직대로,0.85,98,,98,,,,,,,,,,,,,,,,,,,,,,,,,,,,,,,,,,,
청원구,율봉로94번길,신라아파트사거리-신라타운아파트삼거리,0.4,21,,16,,,,,5,,,,,,,,,,,,,,,,,,,,,,,,,,,,,,
청원구,과학산업1로,사잇길,0.3,55,,,,,,,55,,,,,,,,,,,,,,,,,,,,,,,,,,,,,,
청원구,과학산업4로,과학산업2로-엘지토스템오창공장삼거리,0.62,115,,,,,,,115,,,,,,,,,,,,,,,,,,,,,,,,,,,,,,
청원구,2산단1로,중부로-두릉유리로,1.42,182,,,53,,,,129,,,,,,,,,,,,,,,,,,,,,,,,,,,,,,
청원구,2산단로,공항로-송대공원사거리,2.03,350,,,18,,,,332,,,,,,,,,,,,,,,,,,,,,,,,,,,,,,
청원구,과학산업1로,중부로-과학산업2로,1.78,379,,,,,,,379,,,,,,,,,,,,,,,,,,,,,,,,,,,,,,
청원구,양청송대길,중부로-중부로,2.77,448,,,,,,,418,,,,,,,30,,,,,,,,,,,,,,,,,,,,,,,
청원구,팔결로,공항사거리-오창시내1길,3.98,908,352,,,,,,,,,,,,,,,556,,,,,,,,,,,,,,,,,,,,,
청원구,제1순환로 부속도로,율봉근린공원주차장-동청주세무서삼거리,0.74,97,,,,,,,,,,,,,,,,,,,97,,,,,,,,,,,,,,,,,,
청원구,제1순환로,상리교차로-우암산터널,1.04,202,,,,,,,,,,,,,,,,,,,202,,,,,,,,,,,,,,,,,,
청원구,제1순환로,제2운천교-청주농고사거리,0.67,86,,86,,,,,,,,,,,,,,,,,,,,,,,,,,,,,,,,,,,
청원구,제1순환로,청주농고사거리-율량교사거리,1.31,191,,191,,,,,,,,,,,,,,,,,,,,,,,,,,,,,,,,,,,
청원구,제1순환로,율량교사거리-상리교차로,1.73,395,,357,,,,,,,,,,,,,,,,,,,,,,,,,,38,,,,,,,,,
청원구,2산단2로,2산단로-2산단4로,0.42,82,,,82,,,,,,,,,,,,,,,,,,,,,,,,,,,,,,,,,,
청원구,2산단3로,중부로-2산단4로,0.51,66,,,66,,,,,,,,,,,,,,,,,,,,,,,,,,,,,,,,,,
청원구,2산단4로,2산단1로-공항로,0.93,168,,,,,,,,,,,,,,,,,,,168,,,,,,,,,,,,,,,,,,
청원구,제2순환로,송절교차로-율량교차로(고가차도),3.06,26,,,11,,,,,,,,,,,,,,,,15,,,,,,,,,,,,,,,,,,
청원구,제2순환로,율량교차로(고가차도)-주성사거리,1.18,251,,,,,,,,,,,,,,,,,,,236,,,,,,,,,,,,,,,,,15,
청원구,제2순환로,주성사거리-충청대륙로교차로,2.11,411,,,,,,,,,,,,,,,,,,,411,,,,,,,,,,,,,,,,,,
청원구,제2순환로273번길,율량로10번길-LH2단지아파트,0.1,15,,,,,,,,,,,,,,,,,,,15,,,,,,,,,,,,,,,,,,
청원구,각리1길,중부로-오창과학산업단지관리공단내도로,1.21,205,,,205,,,,,,,,,,,,,,,,,,,,,,,,,,,,,,,,,,
청원구,공항로,내덕칠거리-사천교사거리,0.87,98,98,,,,,,,,,,,,,,,,,,,,,,,,,,,,,,,,,,,,
청원구,공항로,사천교사거리-율량교차로,1.09,125,,125,,,,,,,,,,,,,,,,,,,,,,,,,,,,,,,,,,,
청원구,공항로,율량교차로-종축장삼거리,1.03,0,,,,,,,,,,,,,,,,,,,,,,,,,,,,,,,,,,,,,
청원구,공항로,종축장삼거리-오동분기점,1.44,0,,,,,,,,,,,,,,,,,,,,,,,,,,,,,,,,,,,,,
청원구,공항로,오동분기점-창리사거리,5.3,0,,,,,,,,,,,,,,,,,,,,,,,,,,,,,,,,,,,,,
청원구,공항로,창리사거리-오창사거리,0.63,69,,,,,,,,,,,,,,,,,,,69,,,,,,,,,,,,,,,,,,
청원구,공항로,오창사거리-복현교,0.88,0,,,,,,,,,,,,,,,,,,,,,,,,,,,,,,,,,,,,,
청원구,과학산업2로,중부로-삼성SDI청주사업장사거리,4.04,751,,172,579,,,,,,,,,,,,,,,,,,,,,,,,,,,,,,,,,,
청원구,과학산업3로,과학산업2로-기아오토큐오창점사거리,0.61,122,,,,,,,,122,,,,,,,,,,,,,,,,,,,,,,,,,,,,,
청원구,과학산업4로,중부로-삼성SDI청주사업장주차장진입로,1.79,228,,,,,,,,,,,,,,,,,,228,,,,,,,,,,,,,,,,,,,
청원구,과학산업5로,중부로-과학산업2로,1.23,233,,,,,,,,,,,,,,,,,,,233,,,,,,,,,,,,,,,,,,
청원구,과학산업5로,아파트사잇길1,0.22,31,,,,,,,,,,,,,,31,,,,,,,,,,,,,,,,,,,,,,,
청원구,과학산업5로,아파트사잇길2,0.22,33,,,,,,,,,,,,,,33,,,,,,,,,,,,,,,,,,,,,,,
청원구,관정길,귀래길-단재로,2.78,230,30,200,,,,,,,,,,,,,,,,,,,,,,,,,,,,,,,,,,,
청원구,교서로,제2운천교오거리-사북로,1.59,97,23,74,,,,,,,,,,,,,,,,,,,,,,,,,,,,,,,,,,,
청원구,교서로,한국산업연수원사잇길,0.08,26,,,,,,,,,,,,,,,,,,,26,,,,,,,,,,,,,,,,,,
청원구,구룡4길,구룡택지로-구룡택지1로,0.21,33,,,,,,,,,,,,,,33,,,,,,,,,,,,,,,,,,,,,,,
청원구,구룡택지1로,과학산업2로-오창대로,0.9,141,,,,59,,,,,,,,,,43,,,,,39,,,,,,,,,,,,,,,,,,
청원구,구룡택지로,과학산업1로-구룡택지1로,0.98,170,,,,,,,,,,,,,,93,,,,,77,,,,,,,,,,,,,,,,,,
청원구,내덕로,내덕칠거리-청주농고회전교차로,0.33,45,,45,,,,,,,,,,,,,,,,,,,,,,,,,,,,,,,,,,,
청원구,내덕로,청주농고회전교차로-덕벌초교삼거리,0.39,53,,,,,,,,,,,,,,,,,,,53,,,,,,,,,,,,,,,,,,
청원구,내수로,수름재삼거리-대남삼거리,7.67,514,453,13,,,,,,,,,,,,,,,,,48,,,,,,,,,,,,,,,,,,
청원구,내수제방길,수성교-입동삼거리,3.1,490,,,,34,,,,,,,,,,,,,,,,,,,,,,456,,,,,,,,,,,
청원구,내수학평길,내수사거리-시내버스종점,0.11,73,,,,16,,,,,,,,,,,,,,,52,,,,,,,,5,,,,,,,,,,
청원구,내추길,용계내추로-충청대로,0.89,60,,,,7,,,,53,,,,,,,,,,,,,,,,,,,,,,,,,,,,,
청원구,내추옥수길,북이초등학교-옥수교차로,0.93,12,12,,,,,,,,,,,,,,,,,,,,,,,,,,,,,,,,,,,,
청원구,도원세교로,세교사거리-도원사거리,6.14,654,,287,,291,,,,,,,,,,,,,,,,,,,,,,76,,,,,,,,,,,
청원구,두릉유리로,모정교-화복로,0.57,10,,,,10,,,,,,,,,,,,,,,,,,,,,,,,,,,,,,,,,
청원구,두릉유리로,화복로-오창사거리,0.33,26,,2,,,,,,,,,,,,,,,,,24,,,,,,,,,,,,,,,,,,
청원구,두릉유리로,오창사거리-오창에덴버러cc앞,2.67,222,222,,,,,,,,,,,,,,,,,,,,,,,,,,,,,,,,,,,,
청원구,두릉유리로,오창에딘버러cc앞-성산삼거리,2,121,,121,,,,,,,,,,,,,,,,,,,,,,,,,,,,,,,,,,,
청원구,마산1길,청암로-마산길,1.21,96,,,,,,,,,,,,,,,,,,,58,,,,,,,38,,,,,,,,,,,
청원구,마산길,도원사거리-삼봉교,1.09,199,,120,,,,,,,,,,,,,,,,,,,,,,,,79,,,,,,,,,,,
청원구,무심동로,송천교-흥덕대교,2.73,365,,,,365,,,,,,,,,,,,,,,,,,,,,,,,,,,,,,,,,
청원구,미원초정로,이티성영토-초정삼거리,3.67,179,,,,169,,,,,,,,,,,,,,,,,,,,,,,,,,10,,,,,,,
청원구,비중길,비중사거리-초정약수로,1.04,8,,,,8,,,,,,,,,,,,,,,,,,,,,,,,,,,,,,,,,
청원구,사뜸로,덕성교-사천푸르지오삼거리,1.09,127,,104,,,,,,,,,,,,,,,,,23,,,,,,,,,,,,,,,,,,
청원구,상당로,우암오거리-청대사거리,0.57,76,76,,,,,,,,,,,,,,,,,,,,,,,,,,,,,,,,,,,,
청원구,상당로,청대사거리-내덕삼거리,0.25,33,33,,,,,,,,,,,,,,,,,,,,,,,,,,,,,,,,,,,,
청원구,상당로,내덕삼거리-내덕칠거리,0.38,29,29,,,,,,,,,,,,,,,,,,,,,,,,,,,,,,,,,,,,
청원구,새터로,내덕삼거리-청주농고회전교차로,0.52,68,68,,,,,,,,,,,,,,,,,,,,,,,,,,,,,,,,,,,,
청원구,새터로,청주농고회전교차로-청주농고사거리,0.52,87,,,,,,,,,,,,,,,,,,,87,,,,,,,,,,,,,,,,,,
청원구,새터로,청주농고사거리-정하사거리,,0,,,,,,,,,,,,,,,,,,,,,,,,,,,,,,,,,,,,,
청원구,세교초정로,미원초정로-홍산지질과학박물관삼거리방향,2.43,340,,,,340,,,,,,,,,,,,,,,,,,,,,,,,,,,,,,,,,
청원구,세교초정로,형동교-초정약수로,1.8,350,,50,,300,,,,,,,,,,,,,,,,,,,,,,,,,,,,,,,,,
청원구,신기초정로,북이삼거리-미원초정로,7.57,761,,,,761,,,,,,,,,,,,,,,,,,,,,,,,,,,,,,,,,
청원구,안덕벌로,내덕칠거리-안덕벌로76번길,0.77,25,,25,,,,,,,,,,,,,,,,,,,,,,,,,,,,,,,,,,,
청원구,안덕벌로,안덕벌로76번길-우암산로,0.47,63,,,,63,,,,,,,,,,,,,,,,,,,,,,,,,,,,,,,,,
청원구,안덕벌로 104번길,예대정문-청주대학교정문,0.24,18,,,18,,,,,,,,,,,,,,,,,,,,,,,,,,,,,,,,,,
청원구,양청1길,연구단지로-연구단지로,0.77,111,,,,,,,,,,,,,,19,,,,,92,,,,,,,,,,,,,,,,,,
청원구,양청2길,양청1길-과학산업2로,0.46,63,,,,,,,,27,,,,,,,,,,,,,36,,,,,,,,,,,,,,,,
청원구,양청4길,연구단지로-양청6길,0.34,46,,,,,,,,,,,,,,46,,,,,,,,,,,,,,,,,,,,,,,
청원구,양청5길,양청4길-과학산업2로,0.34,55,,,,,,,,,,,,,,55,,,,,,,,,,,,,,,,,,,,,,,
청원구,양청6길,양청4길-양청4길,0.56,97,,,,,,,,,,,,,,66,,,,,31,,,,,,,,,,,,,,,,,,
청원구,양청택지2길,과학산업2로-양청택지로,0.51,77,,,,,,,,,,,,,,,,,,,32,,45,,,,,,,,,,,,,,,,
청원구,양청택지3길,양청2길-양청택지로,0.35,60,,,,,,,,,,,,,,,,,,,60,,,,,,,,,,,,,,,,,,
청원구,양청택지4길,양청1길-양청택지로,0.26,51,,,,,,,,,,,,,,51,,,,,,,,,,,,,,,,,,,,,,,
청원구,양청택지로,오창공원로-오창공원로,1.26,213,,,,,,,,,,,,,,177,,,,,,,,36,,,,,,,,,,,,,,,
청원구,연구단지로,한국생명연구원사거리-충북지방중소벤처기업청사거리,2.8,467,,,467,,,,,,,,,,,,,,,,,,,,,,,,,,,,,,,,,,
청원구,오산가좌로,두릉유리로-오창냉장간판,2.03,173,,173,,,,,,,,,,,,,,,,,,,,,,,,,,,,,,,,,,,
청원구,오창공원로,구룡공원사거리-양청공원사거리(동쪽방향),1.39,333,,,,,,,,333,,,,,,,,,,,,,,,,,,,,,,,,,,,,,
청원구,오창공원로,청주북부터미널(2019년예정사잇길),0.08,17,,,,,,,,17,,,,,,,,,,,,,,,,,,,,,,,,,,,,,
청원구,오창대로,성산사거리-오창한라비발디아파트사거리,2.33,134,,,134,,,,,,,,,,,,,,,,,,,,,,,,,,,,,,,,,,
청원구,오창대로,오창한라비발디아파트사거리-오창산단사거리,1.35,269,,,244,,,,,,,,,,,,,,,,25,,,,,,,,,,,,,,,,,,
청원구,오창대로,오창산단사거리-공항사거리,4.3,268,,,268,,,,,,,,,,,,,,,,,,,,,,,,,,,,,,,,,,
청원구,오창대로,공항사거리-입동사거리,3.55,142,,,,44,,,,,,,,,30,,,,,,,,,,,,,,,68,,,,,,,,,
청원구,오창시내1길,팔결로-두릉유리로,0.62,58,,,,,,,,,,,,,,,,,,,58,,,,,,,,,,,,,,,,,,
청원구,오창자전거길,팔결로-3차우회도로,4.38,471,6,,,465,,,,,,,,,,,,,,,,,,,,,,,,,,,,,,,,,
청원구,오창제방길,각리가곡로방향갈림길-팔결교,5.64,339,,,4,335,,,,,,,,,,,,,,,,,,,,,,,,,,,,,,,,,
청원구,오창제방길,팔결교-문진로,5.06,243,,,,243,,,,,,,,,,,,,,,,,,,,,,,,,,,,,,,,,
청원구,오창중앙로,양청공원사거리-과학산업2로,1.29,219,,,,219,,,,,,,,,,,,,,,,,,,,,,,,,,,,,,,,,
청원구,오창중앙로,과학산업3로-코아루아파트/우림필유1차아파트사잇길,0.21,36,,,36,,,,,,,,,,,,,,,,,,,,,,,,,,,,,,,,,,
청원구,오창중앙로,코아루아파트/우림필유1차아파트사잇길,0.46,93,,,,,,,,,,,,,,93,,,,,,,,,,,,,,,,,,,,,,,
청원구,용두길,용두1차교차로-용두2차교차로,1.49,80,,80,,,,,,,,,,,,,,,,,,,,,,,,,,,,,,,,,,,
청원구,우산길,초정장례식장-영하1리사거리,1.06,32,,,,19,,,,,,,,,,,,,,,,,,,,,,,13,,,,,,,,,,
청원구,우암산로,우암산터널-관음사삼거리앞40km표지판,2.98,264,,,,264,,,,,,,,,,,,,,,,,,,,,,,,,,,,,,,,,
청원구,원리여천길,여천농어촌버스정류장-원리교차로지하도,0.52,574,,,,,,,,,,,,,,,,,,,574,,,,,,,,,,,,,,,,,,
청원구,율량로,양지교사거리-율량2지구LH1단지아파트,1.89,359,,,,,,,,,,,,,,,,,,,359,,,,,,,,,,,,,,,,,,
청원구,율량로3번길,주성로-율량로9번길,0.2,10,,,,,,,,,,,,,,,,,,,10,,,,,,,,,,,,,,,,,,
청원구,율량로4번길,율량로32번길-율량로10번길,0.15,19,,,,,,,,,,,,,,,,,,,19,,,,,,,,,,,,,,,,,,
청원구,율량로9번길,주성로-율량로,0.6,38,,,,,,,,,,,,,,,,,,,38,,,,,,,,,,,,,,,,,,
청원구,율량로10번길,율량로9번길-2순환로273번길,0.17,37,,,,,,,,,,,,,,,,,,,37,,,,,,,,,,,,,,,,,,
청원구,율량로32번길,주성로-2순환로273번길,0.17,24,,,,,,,,,,,,,,,,,,,24,,,,,,,,,,,,,,,,,,
청원구,율량로48번길,2순환로273번길-주성로233번길,0.3,55,,,,,,,,,,,,,,,,,,,55,,,,,,,,,,,,,,,,,,
청원구,율량로138번길,율량로-율량로,0.34,55,,,,,,,,,,,,,,,,,,,55,,,,,,,,,,,,,,,,,,
청원구,율량로189번길,율량로-주성로,0.24,31,,,,,,,,,,,,,,,,,,,31,,,,,,,,,,,,,,,,,,
청원구,율량로190번길,주성로-충청대로,0.48,66,,,,,,,,,,,,,,,,,,,66,,,,,,,,,,,,,,,,,,
청원구,율량로201번길,율량로-주성로,0.37,4,,,,,,,,,,,,,,,,,,,4,,,,,,,,,,,,,,,,,,
청원구,율량로202번길,율량로190번길-율량로,0.93,57,,,,,,,,,,,,,,,,,,,57,,,,,,,,,,,,,,,,,,
청원구,율봉로,남광하우스토리삼거리-서원신협사천지점사거리,0.45,0,,,,,,,,,,,,,,,,,,,,,,,,,,,,,,,,,,,,,
청원구,율봉로,서원신협사천지점사거리-농협사거리,1.1,83,,83,,,,,,,,,,,,,,,,,,,,,,,,,,,,,,,,,,,
청원구,율봉로,농협사거리-중앙초등학교,1.44,246,,146,,,,,,,,,,,,,,,,,100,,,,,,,,,,,,,,,,,,
청원구,율봉로262번길,율봉로-율량로190번길,0.1,8,,,,,,,,,,,,,,,,,,,8,,,,,,,,,,,,,,,,,,
청원구,율봉로286번길,율봉로-율량로189번길,0.91,12,,,,,,,,,,,,,,,,,,,12,,,,,,,,,,,,,,,,,,
청원구,율중로,중리교-새싹교사거리,0.81,33,,,,,,,,,,,,,,,,,,,33,,,,,,,,,,,,,,,,,,
청원구,율중로7번길,율중로-1순환로1896번길,0.67,120,,,,,,,,,,,,,,,,,,,120,,,,,,,,,,,,,,,,,,
청원구,율중로16번길,율중로-율중로,0.65,22,,,,,,,,,,,,,,,,,,,22,,,,,,,,,,,,,,,,,,
청원구,율중로29번길,율중로-율중로,0.34,36,,,,,,,,,,,,,,,,,,,36,,,,,,,,,,,,,,,,,,
청원구,율중로79번길,율중로7번길-율중로,0.25,58,,,,,,,,,,,,,,,,,,,58,,,,,,,,,,,,,,,,,,
청원구,율천남로,덕성교-무심동로,1.45,86,,,2,84,,,,,,,,,,,,,,,,,,,,,,,,,,,,,,,,,
청원구,율천북로,무심동로-율천북로13번길,0.16,11,5,,,,6,,,,,,,,,,,,,,,,,,,,,,,,,,,,,,,,
청원구,율천북로,덕천교-사천교사거리,0.04,62,,,6,,,,,,,,,,,,,,,,,,,,,,,56,,,,,,,,,,,
청원구,율천북로,사천교사거리-충청대로,1.6,92,,92,,,,,,,,,,,,,,,,,,,,,,,,,,,,,,,,,,,
청원구,율천북로165번길,율천북로-청주여자고등학교,0.3,13,,13,,,,,,,,,,,,,,,,,,,,,,,,,,,,,,,,,,,
청원구,의암로,신기지하차도-금암1길,,229,,,52,,,,,,177,,,,,,,,,,,,,,,,,,,,,,,,,,,,
청원구,장전로,서부로-신성화로,0.93,167,,,,,,,,,,,,,,,,,,,167,,,,,,,,,,,,,,,,,,
청원구,주성1길,중부로-2산단로(상가내 도로 포함),1.12,180,,,180,,,,,,,,,,,,,,,,,,,,,,,,,,,,,,,,,,
청원구,주성로 ,석우문화체육관사거리-성모병원사거리,2.24,329,,314,,,,,,,,,,,,,,,,,,,,,,,,,,15,,,,,,,,,
청원구,주성로 ,성모병원사거리-충일카프라자삼거리,1.54,10,,,10,,,,,,,,,,,,,,,,,,,,,,,,,,,,,,,,,,
청원구,주성로 233번길,주성로-율량로,0.21,35,,,,,,,,,,,,,,,,,,,35,,,,,,,,,,,,,,,,,,
청원구,중부로,창리사거리-오창과학산업단지교차로,3.82,551,256,,295,,,,,,,,,,,,,,,,,,,,,,,,,,,,,,,,,,
청원구,중부로,오창과학산업단지교차로-과학산업4로,1.87,338,338,,,,,,,,,,,,,,,,,,,,,,,,,,,,,,,,,,,,
청원구,중심상업1로,중심상업로-과학산업2로,0.83,141,,,,,,,,141,,,,,,,,,,,,,,,,,,,,,,,,,,,,,
청원구,중심상업2로,중심상업로-과학산업2로,0.82,104,,,,,,,,104,,,,,,,,,,,,,,,,,,,,,,,,,,,,,
청원구,중심상업2로,오창119안전센터인근,0.22,29,,,,,,,,,,,,,,29,,,,,,,,,,,,,,,,,,,,,,,
청원구,중심상업로,한국생명공학연구원사거리-청원보건소사거리,0.71,76,,,76,,,,,,,,,,,,,,,,,,,,,,,,,,,,,,,,,,
청원구,중심상업로,홈플러스삼거리-충북지방중소벤처기업사거리,0.39,46,,,46,,,,,,,,,,,,,,,,,,,,,,,,,,,,,,,,,,
청원구,중심상업로,조이호텔삼거리-중심상업2로,0.38,36,,,,,,,,,,,,,,36,,,,,,,,,,,,,,,,,,,,,,,
청원구,직지대로,흥덕대교-청대사거리,0.74,98,84,14,,,,,,,,,,,,,,,,,,,,,,,,,,,,,,,,,,,
청원구,창리1길,오창읍 창리 109-3 - 오창읍창리 9-47,0.22,26,,,26,,,,,,,,,,,,,,,,,,,,,,,,,,,,,,,,,,
청원구,청암로,청암교-비중사거리,4.9,364,,,,284,,,,,,,,,,,,,,,,,,,,,,,80,,,,,,,,,,
청원구,초정길,미원초정로-초정약수로,1.77,272,,,,272,,,,,,,,,,,,,,,,,,,,,,,,,,,,,,,,,
청원구,초정약수로,청주시경계(증평읍)-대율삼거리,6.55,350,,,,350,,,,,,,,,,,,,,,,,,,,,,,,,,,,,,,,,
청원구,충청대로,내덕칠거리-율량교사거리,0.93,140,140,,,,,,,,,,,,,,,,,,,,,,,,,,,,,,,,,,,,
청원구,충청대로,율량교사거리-주성사거리,1.27,218,102,,,,,,,,,,,,,,,,,,116,,,,,,,,,,,,,,,,,,
청원구,충청대로,주성사거리-구성교차로,2.5,206,109,,,,,,,,,,,,,,,,,,97,,,,,,,,,,,,,,,,,,
청원구,충청대로,구성교차로-덕일한마음아파트사거리,2.1,131,131,,,,,,,,,,,,,,,,,,,,,,,,,,,,,,,,,,,,
청원구,충청대로,덕일한마음아파트사거리-내수사거리,2.62,139,139,,,,,,,,,,,,,,,,,,,,,,,,,,,,,,,,,,,,
청원구,충청대로,내수사거리-현암사거리,1.99,53,53,,,,,,,,,,,,,,,,,,,,,,,,,,,,,,,,,,,,
청원구,충청대로,현암사거리-옥수삼거리,3.53,74,74,,,,,,,,,,,,,,,,,,,,,,,,,,,,,,,,,,,,
청원구,충청대로,옥수삼거리-증평군초입,0.93,11,11,,,,,,,,,,,,,,,,,,,,,,,,,,,,,,,,,,,,
청원구,팔결로,종축장삼거리-공항사거리,2.82,353,353,,,,,,,,,,,,,,,,,,,,,,,,,,,,,,,,,,,,
청원구,팔결신대로,신대삼거리-팔결교삼거리,6.75,795,,,,795,,,,,,,,,,,,,,,,,,,,,,,,,,,,,,,,,
청원구,향군로,우암오거리-우암사거리,0.51,54,54,,,,,,,,,,,,,,,,,,,,,,,,,,,,,,,,,,,,
청원구,향군로,우암사거리-덕벌초교삼거리,0.72,94,94,,,,,,,,,,,,,,,,,,,,,,,,,,,,,,,,,,,,
청원구,향군로,덕벌초교삼거리-시영아파트사거리,0.5,57,,57,,,,,,,,,,,,,,,,,,,,,,,,,,,,,,,,,,,
흥덕구,서현서로,서현로-석남천2교,0.49,75,,,51,,,,24,,,,,,,,,,,,,,,,,,,,,,,,,,,,,,
흥덕구,제2순환로,서청주교사거리-향정삼거리,0.35,33,,,,,,,33,,,,,,,,,,,,,,,,,,,,,,,,,,,,,,
흥덕구,증안로,흥덕고삼거리-복대교삼거리,1.16,216,,,,,,,216,,,,,,,,,,,,,,,,,,,,,,,,,,,,,,
흥덕구,제1순환로,사도교회횡단보도-봉명사거리,0.66,111,,111,,,,,,,,,,,,,,,,,,,,,,,,,,,,,,,,,,,
흥덕구,제1순환로,봉명사거리-농수산물시장삼거리,0.81,120,82,38,,,,,,,,,,,,,,,,,,,,,,,,,,,,,,,,,,,
흥덕구,제1순환로,농수산물시장삼거리-제2운천교,1.07,184,,184,,,,,,,,,,,,,,,,,,,,,,,,,,,,,,,,,,,
흥덕구,제1순환로 438번길,청주백제유물전시관삼거리-1순환로436번길,0.53,78,,78,,,,,,,,,,,,,,,,,,,,,,,,,,,,,,,,,,,
흥덕구,제2순환로,시외버스터미널사거리-터미널사거리,0.42,79,,39,,,,,,,,,,,,,,,,,,,,,,,,,,40,,,,,,,,,
흥덕구,제2순환로,터미널사거리-서청주교사거리,2.07,425,,26,337,,,,,,,,,,,,,,,,,,,,,,,,,62,,,,,,,,,
흥덕구,제2순환로,향정삼거리-향정교차로,0.21,52,,,52,,,,,,,,,,,,,,,,,,,,,,,,,,,,,,,,,,
흥덕구,제2순환로,향정교차로-송절교차로,2.95,415,,,415,,,,,,,,,,,,,,,,,,,,,,,,,,,,,,,,,,
흥덕구,2순환로971번길,2순환로-대신로,1.11,178,,138,,,,40,,,,,,,,,,,,,,,,,,,,,,,,,,,,,,,
흥덕구,2순환로1167번길,2순환로-짐대로,0.15,23,,,23,,,,,,,,,,,,,,,,,,,,,,,,,,,,,,,,,,
흥덕구,2순환로1168번길,2순환로-비하로,0.16,25,,,25,,,,,,,,,,,,,,,,,,,,,,,,,,,,,,,,,,
흥덕구,2순환로1219번길,풍년로-2순환로,0.19,25,,,25,,,,,,,,,,,,,,,,,,,,,,,,,,,,,,,,,,
흥덕구,2순환로1375번길,풍년로-2순환로,0.21,28,,,,,,28,,,,,,,,,,,,,,,,,,,,,,,,,,,,,,,
흥덕구,SK로,송절교차로-향정교차로,2.84,845,,,845,,,,,,,,,,,,,,,,,,,,,,,,,,,,,,,,,,
흥덕구,가경로,월천1교사거리-2순환로1329번길,0.54,110,,110,,,,,,,,,,,,,,,,,,,,,,,,,,,,,,,,,,,
흥덕구,가경로,2순환로1329번길-죽천교사거리,1.47,258,,,,,,,,,,,,,,,,,,173,85,,,,,,,,,,,,,,,,,,
흥덕구,가경로127번길,가경로-풍산로48번길,0.15,28,,,,,,,,,,,,,,,,,,28,,,,,,,,,,,,,,,,,,,
흥덕구,가경로173번길,풍산로47번길-풍산로89번길,0.17,26,,,26,,,,,,,,,,,,,,,,,,,,,,,,,,,,,,,,,,
흥덕구,가경천 제방길 우측,발산교-하복대교,0.94,255,2,,,,,,,,,,,,,31,,,,,,,,,,,,222,,,,,,,,,,,
흥덕구,가경천 제방길 좌측,가로수로-풍산로,0.52,77,,,,,,,,,,,,,,,,,,,,,,,,,,77,,,,,,,,,,,
흥덕구,가로수로,산업단지육거리-복대사거리,0.61,89,89,,,,,,,,,,,,,,,,,,,,,,,,,,,,,,,,,,,,
흥덕구,가로수로,복대사거리-터미널사거리,1.34,316,316,,,,,,,,,,,,,,,,,,,,,,,,,,,,,,,,,,,,
흥덕구,가로수로,터미널사거리-휴암동사거리,2.5,918,918,,,,,,,,,,,,,,,,,,,,,,,,,,,,,,,,,,,,
흥덕구,가로수로,휴암동사거리-탑연사거리,4.12,479,479,,,,,,,,,,,,,,,,,,,,,,,,,,,,,,,,,,,,
흥덕구,가로수로,탑연삼거리-궁평1교차로,1.65,50,,50,,,,,,,,,,,,,,,,,,,,,,,,,,,,,,,,,,,
흥덕구,가로수로,궁평1교차로-오송2교차로,1.1,108,,108,,,,,,,,,,,,,,,,,,,,,,,,,,,,,,,,,,,
흥덕구,가로수로,오송2교차로-정중삼거리(청주시경계),2.6,133,,133,,,,,,,,,,,,,,,,,,,,,,,,,,,,,,,,,,,
흥덕구,가로수로 1164번길,강서사거리-서현중로,0.29,25,,,,,,,,,,,,,,,,,,,25,,,,,,,,,,,,,,,,,,
흥덕구,가로수로부속도로,한국교원대부설 월곡초등학교 입구,0.09,20,,20,,,,,,,,,,,,,,,,,,,,,,,,,,,,,,,,,,,
흥덕구,강서로,시외버스터미널사거리-농업기술센터앞,1.27,274,,274,,,,,,,,,,,,,,,,,,,,,,,,,,,,,,,,,,,
흥덕구,경산로,강서지구사거리-가경1교,0.9,134,,,,,,,,,,,,,,,,,,134,,,,,,,,,,,,,,,,,,,
흥덕구,경산로9번길,2순환로1261번길-경산로,0.1,15,,,,,,,,,,,,,,,,,,15,,,,,,,,,,,,,,,,,,,
흥덕구,경산로43번길,풍년로142번길-경산로,0.18,20,,,,,,,,,,,,,,,,,,20,,,,,,,,,,,,,,,,,,,
흥덕구,경산로44번길,경산로-풍년로108번길,0.18,26,,,,,,,,,,,,,,,,,,26,,,,,,,,,,,,,,,,,,,
흥덕구,경신로,개신1교-서경중학교정문앞,0.22,41,,,,,,,,,,,,,,,,,,,41,,,,,,,,,,,,,,,,,,
흥덕구,공단로,솔밭공원사거리-산업단지육거리,1.49,193,,193,,,,,,,,,,,,,,,,,,,,,,,,,,,,,,,,,,,
흥덕구,과상미로9번길,직지대로581번길-직지대로,0.16,32,,,,,,,,,,,,,,,,,,,32,,,,,,,,,,,,,,,,,,
흥덕구,과학산업2로,삼성SDI사업장사거리-엘지교차로,1.67,280,,280,,,,,,,,,,,,,,,,,,,,,,,,,,,,,,,,,,,
흥덕구,과학산업3로,기아오토큐오창점사거리-오창대로,1.82,355,,,,,,,,355,,,,,,,,,,,,,,,,,,,,,,,,,,,,,
흥덕구,과학산업3로,중부로-오창중앙병원/기아자동차오창지점사잇길,0.15,19,,,19,,,,,,,,,,,,,,,,,,,,,,,,,,,,,,,,,,
흥덕구,과학산업3로,청원보건소 앞길,0.11,22,,,,,,,,22,,,,,,,,,,,,,,,,,,,,,,,,,,,,,
흥덕구,과학산업4로,삼성SDI청주사업장주차장진입로-구룡택지로,0.32,168,,,,,,,,,,,,,,,,,,168,,,,,,,,,,,,,,,,,,,
흥덕구,국산오산로,몽단이고개교차로-옥산중학교,6.58,462,,,,282,,,,,180,,,,,,,,,,,,,,,,,,,,,,,,,,,,
흥덕구,내옥제방길,옥산교-덕촌리3구,3.9,115,,,,115,,,,,,,,,,,,,,,,,,,,,,,,,,,,,,,,,
흥덕구,대농로,대농교-금호어울림2단지아파트정문,1.32,232,,,,,,,,,,,,,,,,,,,232,,,,,,,,,,,,,,,,,,
흥덕구,대농로,흥덕구청 금호어울림1단지아파트 사잇길,0.15,31,,,,31,,,,,,,,,,,,,,,,,,,,,,,,,,,,,,,,,
흥덕구,대신로,죽천교사거리-솔밭공원사거리,1.28,178,,,68,86,,,,,,,,,,,,,,,24,,,,,,,,,,,,,,,,,,
흥덕구,대신로,솔밭공원사거리-2순환로,1.05,160,,81,,,,,,,,,,,,79,,,,,,,,,,,,,,,,,,,,,,,
흥덕구,대신로10번길,대신로13번길-대신로,0.44,39,,,,,,,,,,,,,,23,,,,,16,,,,,,,,,,,,,,,,,,
흥덕구,대신로18번길,대신로-대신로10번길,0.07,11,,,,,,,,,,,,,,2,,,,,9,,,,,,,,,,,,,,,,,,
흥덕구,대신로73번길,대신로74번길-진재로,0.46,54,,,,27,,,,,,,,,,,,,,,27,,,,,,,,,,,,,,,,,,
흥덕구,대신로74번길,죽천로131번길-대신로73번길,0.16,12,,,,,,,,,,,,,,,,,,,12,,,,,,,,,,,,,,,,,,
흥덕구,대신로 146번길,대신로-산단로,1.1,192,,192,,,,,,,,,,,,,,,,,,,,,,,,,,,,,,,,,,,
흥덕구,대신로 164번길,대신로-직지대로435번길,0.52,86,,86,,,,,,,,,,,,,,,,,,,,,,,,,,,,,,,,,,,
흥덕구,덕암로 29번길,월명로236번길-덕암로,0.3,43,,43,,,,,,,,,,,,,,,,,,,,,,,,,,,,,,,,,,,
흥덕구,덕암로 30번길,덕암로-월명로178번길,0.28,40,,40,,,,,,,,,,,,,,,,,,,,,,,,,,,,,,,,,,,
흥덕구,만수길,오송생명5로-오송생명3로,0.1,25,,,,,,,,,,,,,,,,,,,25,,,,,,,,,,,,,,,,,,
흥덕구,무심서로,문암생태공원캠핑장-흥덕대교,4.9,458,,,,458,,,,,,,,,,,,,,,,,,,,,,,,,,,,,,,,,
흥덕구,미호로,문암생태공원캠핑장-환경사업소,,131,,,,131,,,,,,,,,,,,,,,,,,,,,,,,,,,,,,,,,
흥덕구,백봉로,농수산물시장삼거리-대신로,2.79,470,,470,,,,,,,,,,,,,,,,,,,,,,,,,,,,,,,,,,,
흥덕구,백봉로72번길,백봉로-대신로146번길,0.37,68,,68,,,,,,,,,,,,,,,,,,,,,,,,,,,,,,,,,,,
흥덕구,백봉로90번길,대신로146번길-백봉로,0.37,70,,70,,,,,,,,,,,,,,,,,,,,,,,,,,,,,,,,,,,
흥덕구,백봉로197번길,덕암로30번길-백봉로,0.11,180,,14,,166,,,,,,,,,,,,,,,,,,,,,,,,,,,,,,,,,
흥덕구,백봉로224번길,주현로42번길-백봉로,,70,,,,,,,,,,,,,,,,,,,70,,,,,,,,,,,,,,,,,,
흥덕구,복대로,가경사거리-기상대사거리,1.74,45,,,,,,,,,,,,,,45,,,,,,,,,,,,,,,,,,,,,,,
흥덕구,복대로96번길,신율로103번길-복대로,0.15,24,,,24,,,,,,,,,,,,,,,,,,,,,,,,,,,,,,,,,,
흥덕구,봉명로,한국국토정보공사충북지역본부삼거리-폴리텍대사거리,1.95,336,,336,,,,,,,,,,,,,,,,,,,,,,,,,,,,,,,,,,,
흥덕구,봉정로,백봉로-월명로140번길,0.23,37,,,,,,,,,,,,,,,,,,,37,,,,,,,,,,,,,,,,,,
흥덕구,봉정로56번길,백봉로224번길-봉정로,0.37,68,,,,,,,,,,,,,,,,,,,68,,,,,,,,,,,,,,,,,,
흥덕구,비하로,비하로46번길-비하로35번길,0.34,7,7,,,,,,,,,,,,,,,,,,,,,,,,,,,,,,,,,,,,
흥덕구,비하로12번길,2순환로1168번길-비하로,0.34,60,,60,,,,,,,,,,,,,,,,,,,,,,,,,,,,,,,,,,,
흥덕구,비하로18번길,비하로12번길-비하로,0.09,6,,6,,,,,,,,,,,,,,,,,,,,,,,,,,,,,,,,,,,
흥덕구,비하로32번길,비하로-비하로12번길,0.23,28,,28,,,,,,,,,,,,,,,,,,,,,,,,,,,,,,,,,,,
흥덕구,사운로,사운로404번길-신봉사거리,1.05,157,,157,,,,,,,,,,,,,,,,,,,,,,,,,,,,,,,,,,,
흥덕구,사운로,신봉사거리-흥덕사거리,1.16,241,,241,,,,,,,,,,,,,,,,,,,,,,,,,,,,,,,,,,,
흥덕구,사직대로,청주고정문-충대사거리,0.29,60,46,14,,,,,,,,,,,,,,,,,,,,,,,,,,,,,,,,,,,
흥덕구,사직대로,충대사거리-산업단지육거리,0.52,86,67,19,,,,,,,,,,,,,,,,,,,,,,,,,,,,,,,,,,,
흥덕구,산단로,2순환로-산업단지육거리,2.52,197,,197,,,,,,,,,,,,,,,,,,,,,,,,,,,,,,,,,,,
흥덕구,상정쌍청로,상정4교 앞길,0.15,24,,,,,,,,,,,,,,,,,,,24,,,,,,,,,,,,,,,,,,
흥덕구,서부로,청주가경노인복지관표지판-석곡사거리,1.31,236,,,236,,,,,,,,,,,,,,,,,,,,,,,,,,,,,,,,,,
흥덕구,서부로1101번길,석곡사거리-서현로,0.8,168,,168,,,,,,,,,,,,,,,,,,,,,,,,,,,,,,,,,,,
흥덕구,서현동로,가로수로1164번길-서현중로28번길,0.55,79,,,13,,,,,,,,,,,,,,,,66,,,,,,,,,,,,,,,,,,
흥덕구,서현동로,서청주농협강서지점밑길,0.12,24,,,,,,,,,,,,,,,,,,,24,,,,,,,,,,,,,,,,,,
흥덕구,서현동로,가로수마을선광로즈웰아파트윗길,0.25,30,,,14,16,,,,,,,,,,,,,,,,,,,,,,,,,,,,,,,,,
흥덕구,서현로,농업기술센터앞-서현중사거리,1.13,62,,,62,,,,,,,,,,,,,,,,,,,,,,,,,,,,,,,,,,
흥덕구,서현북로사잇길,석남천제방길-서현서로21번길,0.28,55,,,,,,,,,,,,,,,,,,,55,,,,,,,,,,,,,,,,,,
흥덕구,서현북로,서현로-서현동로,0.93,69,,,69,,,,,,,,,,,,,,,,,,,,,,,,,,,,,,,,,,
흥덕구,서현중로,서현로-가로수로1164번길,0.81,75,,,75,,,,,,,,,,,,,,,,,,,,,,,,,,,,,,,,,,
흥덕구,석남천제방길,서현동로-서현로,0.78,106,,,106,,,,,,,,,,,,,,,,,,,,,,,,,,,,,,,,,,
흥덕구,성봉로275번길,신율로-성봉로,0.27,21,,21,,,,,,,,,,,,,,,,,,,,,,,,,,,,,,,,,,,
흥덕구,세종오송로,오송가락로-미호대교,4.6,562,,,,,,,,,,,,,,,,,,,,,,,,,,,,562,,,,,,,,,
흥덕구,송절로,산단로-사운로,1.6,135,,56,79,,,,,,,,,,,,,,,,,,,,,,,,,,,,,,,,,,
흥덕구,송절로 일부구간,SK이노베이션 오리온 사잇길,0.24,46,,46,,,,,,,,,,,,,,,,,,,,,,,,,,,,,,,,,,,
흥덕구,송절로 76번길,송절로-월명로236번길,0.3,46,,46,,,,,,,,,,,,,,,,,,,,,,,,,,,,,,,,,,,
흥덕구,신율로,산업단지육거리-청주아파트102동103동 정문앞,1.18,210,,110,100,,,,,,,,,,,,,,,,,,,,,,,,,,,,,,,,,,
흥덕구,신율로103번길,신율로-복대로,0.22,21,,,21,,,,,,,,,,,,,,,,,,,,,,,,,,,,,,,,,,
흥덕구,신율로139번길,신율로-풍산로127번길,0.27,25,,25,,,,,,,,,,,,,,,,,,,,,,,,,,,,,,,,,,,
흥덕구,심동로,동림삼거리-청주시경계(전동면),3.32,71,,,,71,,,,,,,,,,,,,,,,,,,,,,,,,,,,,,,,,
흥덕구,연제길,정중연제로-오송생명3로,1.76,160,,,,,,,,,,,,,,,,,,,,,,,,,,,,,160,,,,,,,,
흥덕구,오산가좌로,오창냉장간판-오송가락로,6.55,235,,184,,51,,,,,,,,,,,,,,,,,,,,,,,,,,,,,,,,,
흥덕구,오송가락로,오송역-중부로,8.9,128,,115,,13,,,,,,,,,,,,,,,,,,,,,,,,,,,,,,,,,
흥덕구,오송가락로,상가단지 사잇길,0.15,21,,,,,,,,,,,,,,,,,,,21,,,,,,,,,,,,,,,,,,
흥덕구,오송생명로1로,오송생명4로-오송생명로,2.78,571,,38,254,279,,,,,,,,,,,,,,,,,,,,,,,,,,,,,,,,,
흥덕구,오송생명로1로,충북보건환경연구원 사잇길,0.47,86,,,,,,,,,,,,,,,,,,,86,,,,,,,,,,,,,,,,,,
흥덕구,오송생명로1로,오송융합바이오소재센터 사잇길,0.45,76,,,,,,,,,,,,,,,,,,,76,,,,,,,,,,,,,,,,,,
흥덕구,오송생명2로,엔도더마 사잇길,0.45,83,,,,,,,,,,,,,,,,,,,83,,,,,,,,,,,,,,,,,,
흥덕구,오송생명2로,오송생명1로-오송가락로,2.63,476,,476,,,,,,,,,,,,,,,,,,,,,,,,,,,,,,,,,,,
흥덕구,오송생명2로,오송생명로-오송생명2로,0.54,83,,,,,,,,,,,,,,,,,,,83,,,,,,,,,,,,,,,,,,
흥덕구,오송생명2로,서흥캅셀 사잇길,0.55,91,,,,,,,,,,,,,,,,,,,91,,,,,,,,,,,,,,,,,,
흥덕구,오송생명2로,메드트로닉이노베이션센터 앞길,0.25,45,,,,,,,,,,,,,,,,,,,45,,,,,,,,,,,,,,,,,,
흥덕구,오송생명3로,오송생명2로-오송가락로,2.22,327,,51,236,40,,,,,,,,,,,,,,,,,,,,,,,,,,,,,,,,,
흥덕구,오송생명3로,오송생명과학단지보건지소양쪽사잇길,0.51,91,,,,,,,,,,,,,,,,,,,91,,,,,,,,,,,,,,,,,,
흥덕구,오송생명4로,신촌교-상정길,2.61,355,,,,320,,,,,,,,,,,,,,,35,,,,,,,,,,,,,,,,,,
흥덕구,오송생명4로,오송생명6로-오송생명4로,0.94,165,,,,,,,,,,,,,,,,,,,165,,,,,,,,,,,,,,,,,,
흥덕구,오송생명5로,오송스파사우나 사잇길,0.46,83,,,,,,,,,,,,,,,,,,,83,,,,,,,,,,,,,,,,,,
흥덕구,오송생명5로,오송생명3로-오송생명4로,2.63,201,,12,,147,,,,,,,,,,,,,,,42,,,,,,,,,,,,,,,,,,
흥덕구,오송생명5로,오송중학교 사잇길,0.3,49,,,,,,,,,,,,,,,,,,,49,,,,,,,,,,,,,,,,,,
흥덕구,오송생명5로,홈플러스익스프레스 사잇길,0.17,21,,,,,,,,,,,,,,,,,,,21,,,,,,,,,,,,,,,,,,
흥덕구,오송생명5로,하나로마트 사잇길,0.14,19,,,,,,,,,,,,,,,,,,,19,,,,,,,,,,,,,,,,,,
흥덕구,오송생명5로,CU오송연제점 사잇길,0.34,62,,,,,,,,,,,,,,,,,,,62,,,,,,,,,,,,,,,,,,
흥덕구,오송생명5로,바이넥스 오송공장 사잇길,0.32,57,,,,,,,,,,,,,,,,,,,57,,,,,,,,,,,,,,,,,,
흥덕구,오송생명5로,서울제약 사잇길-6로,0.27,49,,,,,,,,,,,,,,,,,,,49,,,,,,,,,,,,,,,,,,
흥덕구,오송생명6로,상정5교-오송생명5로,1.86,343,,313,,,,,,,,,,,,,,,,,30,,,,,,,,,,,,,,,,,,
흥덕구,오송생명6로,크리스탈생명과학 사잇길,0.2,35,,,,,,,,,,,,,,,,,,,35,,,,,,,,,,,,,,,,,,
흥덕구,오송생명로,궁평1교차로-초막교,3.61,541,,,358,,,,,,,,,,,,,,,,183,,,,,,,,,,,,,,,,,,
흥덕구,오송생명로,스타벅스청주오송점 사잇길,0.43,50,,,,,,,,,,,,,,,,,,,50,,,,,,,,,,,,,,,,,,
흥덕구,오송생명2로 앞길1,오송생명2로 연장,0.3,64,,,,,,,,,,,,,,,,,,,64,,,,,,,,,,,,,,,,,,
흥덕구,오송생명2로 앞길2,오송생명2로 연장,0.36,52,,,,,,,,,,,,,,,,,,,52,,,,,,,,,,,,,,,,,,
흥덕구,오송생명1로 앞길,오송생명1로 연장,1.78,277,,,,,,,,,,,,,,,,,,,277,,,,,,,,,,,,,,,,,,
흥덕구,오창제방길,중부로-각리가곡로방향갈림길,2.5,0,,,,,,,,,,,,,,,,,,,,,,,,,,,,,,,,,,,,,
흥덕구,옥산산단1로,옥산산단4로-옥산산단로,1.32,287,,,,287,,,,,,,,,,,,,,,,,,,,,,,,,,,,,,,,,
흥덕구,옥산산단3로,옥산산단4로-옥산산단4로,1.38,301,,,301,,,,,,,,,,,,,,,,,,,,,,,,,,,,,,,,,,
흥덕구,옥산산단4로,세원산업삼거리-호죽화산로,1.99,234,,,,,,,,,,,,,,,,,,,234,,,,,,,,,,,,,,,,,,
흥덕구,옥산산단로,오산가좌로-옥산산단4로,1.16,241,,,241,,,,,,,,,,,,,,,,,,,,,,,,,,,,,,,,,,
흥덕구,운주산로,상조천교-세종특별시진입부,0.83,57,57,,,,,,,,,,,,,,,,,,,,,,,,,,,,,,,,,,,,
흥덕구,월곡길,월곡사거리-충청대학교앞,0.31,69,,,69,,,,,,,,,,,,,,,,,,,,,,,,,,,,,,,,,,
흥덕구,월명로,충대사거리-송절교차로,2.65,380,,380,,,,,,,,,,,,,,,,,,,,,,,,,,,,,,,,,,,
흥덕구,월명로140번길,직지대로581번길-월명로,0.33,49,,,,,,,,,,,,,,,,,,,49,,,,,,,,,,,,,,,,,,
흥덕구,월명로201번길,산단로-월명로,0.55,109,,109,,,,,,,,,,,,,,,,,,,,,,,,,,,,,,,,,,,
흥덕구,월명로220번길,덕암로29번길-덕암로59번길,0.28,29,,,29,,,,,,,,,,,,,,,,,,,,,,,,,,,,,,,,,,
흥덕구,월명로235번길,월명로-산단로,0.54,111,,111,,,,,,,,,,,,,,,,,,,,,,,,,,,,,,,,,,,
흥덕구,월명로235번길,LS산전 사잇길,0.32,71,,71,,,,,,,,,,,,,,,,,,,,,,,,,,,,,,,,,,,
흥덕구,월명로236번길,송절로76번길-월명로,0.3,39,,39,,,,,,,,,,,,,,,,,,,,,,,,,,,,,,,,,,,
흥덕구,외옥제방길,옥산교-오송가락로,,412,,,,325,,,,,,87,,,,,,,,,,,,,,,,,,,,,,,,,,,
흥덕구,장구봉로,서현중사거리-성봉로,1.49,253,,,116,,,,,,,,,,,,,,,137,,,,,,,,,,,,,,,,,,,
흥덕구,장구봉로41번길,풍년로108번길-장구봉로,0.18,28,,,,,,,,,,,,,,,,,,28,,,,,,,,,,,,,,,,,,,
흥덕구,장구봉로42번길,장구봉로-2순환로1329번길,0.23,50,,,,,,,,,,,,,,,,,,50,,,,,,,,,,,,,,,,,,,
흥덕구,정중연제로,상정쌍청로-오송생명4로,0.97,211,,,,,,,,,,,,,,,,,,,211,,,,,,,,,,,,,,,,,,
흥덕구,정중연제로,가로수로-점중교,1.51,174,,,,132,,,,,42,,,,,,,,,,,,,,,,,,,,,,,,,,,,
흥덕구,정중연제로,오송생명4로-고속철도(밑),2.58,23,,,,23,,,,,,,,,,,,,,,,,,,,,,,,,,,,,,,,,
흥덕구,정중연제로,고속철도(밑)-연제길,1.06,66,,,,,,,,,,,,,,,,,,,,,,,,,,,,,66,,,,,,,,
흥덕구,주현로41번길,직지대로581번길-주현로42번길,0.12,17,,,,,,,,,,,,,,,,,,,17,,,,,,,,,,,,,,,,,,
흥덕구,주현로42번길,주현로41번길-백봉로224번길,0.08,14,,,,,,,,,,,,,,,,,,,14,,,,,,,,,,,,,,,,,,
흥덕구,죽천로,기상대사거리-비하삼거리,1.63,253,,,86,,,,,,,,,,,167,,,,,,,,,,,,,,,,,,,,,,,
흥덕구,죽천로 131번길,죽천로-대신로74번길,0.2,10,,,,,,,,,,,,,,,,,,,10,,,,,,,,,,,,,,,,,,
흥덕구,죽천로 146번길,죽천로-복대로219번길,0.2,25,,,25,,,,,,,,,,,,,,,,,,,,,,,,,,,,,,,,,,
흥덕구,중부로,과학산업4로-국사삼거리,2.85,378,125,,,166,,,,87,,,,,,,,,,,,,,,,,,,,,,,,,,,,,
흥덕구,중부로,국사삼거리-옥산교차로,2.56,413,,,,413,,,,,,,,,,,,,,,,,,,,,,,,,,,,,,,,,
흥덕구,직지대로일부구간,직지대로-죽천로,0.78,124,,,,,,,,,,,,,,,,,,,124,,,,,,,,,,,,,,,,,,
흥덕구,직지대로,청주역사거리-서청주교사거리,2.36,591,591,,,,,,,,,,,,,,,,,,,,,,,,,,,,,,,,,,,,
흥덕구,직지대로,서청주교사거리-솔밭공원사거리,1.45,207,135,,,,,,,,,,,,,,,,,,72,,,,,,,,,,,,,,,,,,
흥덕구,직지대로,솔밭공원사거리-봉정사거리,1.67,155,,155,,,,,,,,,,,,,,,,,,,,,,,,,,,,,,,,,,,
흥덕구,직지대로,봉정사거리-봉명사거리,0.77,131,78,53,,,,,,,,,,,,,,,,,,,,,,,,,,,,,,,,,,,
흥덕구,직지대로,봉명사거리-흥덕대교,1.96,217,105,112,,,,,,,,,,,,,,,,,,,,,,,,,,,,,,,,,,,
흥덕구,직지대로291번길,2순환로-직지대로,0.64,113,,113,,,,,,,,,,,,,,,,,,,,,,,,,,,,,,,,,,,
흥덕구,직지대로307번길,직지대로-직지대로291번길,0.71,113,,113,,,,,,,,,,,,,,,,,,,,,,,,,,,,,,,,,,,
흥덕구,직지대로351번길,2순환로971번길-직지대로,0.34,48,,48,,,,,,,,,,,,,,,,,,,,,,,,,,,,,,,,,,,
흥덕구,직지대로409번길,직지대로-대신로164번길,0.37,59,,59,,,,,,,,,,,,,,,,,,,,,,,,,,,,,,,,,,,
흥덕구,직지대로435번길,직지대로-백봉로,0.57,45,,45,,,,,,,,,,,,,,,,,,,,,,,,,,,,,,,,,,,
흥덕구,직지대로581번길,직지대로-백봉로220번길,0.18,16,,,,,,,,,,,,,,,,,,,16,,,,,,,,,,,,,,,,,,
흥덕구,진재로,직지대로-가로수로,1.49,183,,,122,,,,,,,,,,,,,,,,61,,,,,,,,,,,,,,,,,,
흥덕구,진재로15번길,짐대로-진재로,0.14,28,,,28,,,,,,,,,,,,,,,,,,,,,,,,,,,,,,,,,,
흥덕구,진재로110번길,흥덕구청 정문-대신로73번길,0.13,11,,,,,,,,,,,,,,,,,,,11,,,,,,,,,,,,,,,,,,
흥덕구,짐대로,가로수로-증안로,0.78,137,,,,,,,,,,,,,,,,,,,137,,,,,,,,,,,,,,,,,,
흥덕구,짐대로60번길,짐대로-짐대로72번길,0.1,15,,15,,,,,,,,,,,,,,,,,,,,,,,,,,,,,,,,,,,
흥덕구,짐대로72번길,짐대로-2순환로1167번길,0.41,59,,59,,,,,,,,,,,,,,,,,,,,,,,,,,,,,,,,,,,
흥덕구,충대로,충대정문오거리-충대사거리,0.2,25,25,,,,,,,,,,,,,,,,,,,,,,,,,,,,,,,,,,,,
흥덕구,탑연월곡길,태성탑연로-청원쌍용예가2단지아파트사거리,0.47,82,,82,,,,,,,,,,,,,,,,,,,,,,,,,,,,,,,,,,,
흥덕구,태성탑연로,탑연사거리-태성사거리,4.63,525,,525,,,,,,,,,,,,,,,,,,,,,,,,,,,,,,,,,,,
흥덕구,태성탑연로,한국교원대학교 후문앞,0.28,69,,69,,,,,,,,,,,,,,,,,,,,,,,,,,,,,,,,,,,
흥덕구,풍년로142번길,풍산로48번길-풍년로,0.23,43,,,,,,,,,,,,,,,,,,43,,,,,,,,,,,,,,,,,,,
흥덕구,풍년로193번길,2순환로1219번길-풍년로,0.19,31,,,31,,,,,,,,,,,,,,,,,,,,,,,,,,,,,,,,,,
흥덕구,풍년로194번길,풍년로-풍산로47번길,0.34,58,,,58,,,,,,,,,,,,,,,,,,,,,,,,,,,,,,,,,,
흥덕구,풍산로,복대초교입구삼거리-시외버스터미널사거리,1.83,279,,279,,,,,,,,,,,,,,,,,,,,,,,,,,,,,,,,,,,
흥덕구,풍산로34번길,풍산로-풍년로142번길,0.12,11,,,,,,,,,,,,,,,,,,11,,,,,,,,,,,,,,,,,,,
흥덕구,풍산로47번길,풍년로194번길-풍산로,0.33,32,,,32,,,,,,,,,,,,,,,,,,,,,,,,,,,,,,,,,,
흥덕구,풍산로48번길,풍산로-풍년로142번길,0.12,20,,,,,,,,,,,,,,,,,,20,,,,,,,,,,,,,,,,,,,
흥덕구,호죽성재로,장남교-청주시경계(병천면),6.17,221,,,,221,,,,,,,,,,,,,,,,,,,,,,,,,,,,,,,,,
흥덕구,호죽화산로,강촌교-호죽삼거리,1.53,197,,,,197,,,,,,,,,,,,,,,,,,,,,,,,,,,,,,,,,
흥덕구,흥덕로,무심서로-고인쇄박물관사거리,1,223,,223,,,,,,,,,,,,,,,,,,,,,,,,,,,,,,,,,,,
청원구,충청대로,청주 그랜드 플라자 앞,0.02,12,,,,,,,,,12,,,,,,,,,,,,,,,,,,,,,,,,,,,,
청원구,,3산업단지 일원,3.8,635,,,,,,,,,,,,,,,,,,,635,,,,,,,,,,,,,,,,,,
서원구,가장로,장암사거리(아름다운 웨딩홀) ~ 고은삼거리,1.16,140,,,,,,,,,,,,,,,,,,,140,,,,,,,,,,,,,,,,,,
